mutant	positions	esm2_t33_650M_UR50D
C23A	23	4.591466903686523
C28L	28	4.565317153930664
Q16R	16	4.4299421310424805
Y39P	39	4.408666610717773
E31A	31	4.338397979736328
F13L	13	4.296125411987305
T36R	36	4.115818977355957
P37R	37	3.751159429550171
R24L	24	3.5591354370117188
S6A	6	3.5141654014587402
A17L	17	3.498432159423828
V5R	5	3.450638771057129
P19A	19	3.4237990379333496
V8S	8	3.3827481269836426
R35L	35	3.35093355178833
A29S	29	3.254981517791748
F18Q	18	3.245321035385132
G12R	12	3.2049331665039062
R10V	10	3.082465648651123
L11A	11	3.075514793395996
